,Predicted 10,Predicted 40,Predicted 50,Predicted 60,Predicted 1140,Predicted 1160,Predicted 1180,Predicted 1280,Predicted 1281,Predicted 1300,Predicted 1301,Predicted 1302,Predicted 1320,Predicted 1560,Predicted 1920,Predicted 1940,Predicted 2060,Predicted 2220,Predicted 2280,Predicted 2403,Predicted 2462,Predicted 2522,Predicted 2582,Predicted 2583,Predicted 2585,Predicted 2705,Predicted 2905
Actual 10,431,2,0,0,0,2,1,1,4,0,0,0,0,0,0,0,0,0,6,12,0,0,0,0,0,37,2
Actual 40,2,445,18,4,1,0,0,4,2,0,0,1,0,0,0,0,0,0,1,2,10,1,0,0,1,0,0
Actual 50,1,3,319,0,2,0,0,0,0,2,0,1,0,0,0,0,1,0,0,0,4,0,0,0,0,0,0
Actual 60,0,0,1,162,0,0,0,0,0,0,0,0,0,0,0,0,0,0,0,0,2,0,0,0,0,0,0
Actual 1140,0,3,2,0,465,2,0,16,0,1,0,0,1,0,1,0,0,0,2,0,2,1,0,0,0,0,0
Actual 1160,0,2,0,0,0,490,0,0,2,0,0,0,0,0,0,1,0,0,0,0,0,1,0,0,0,0,0
Actual 1180,2,0,0,0,1,1,135,1,4,0,1,0,0,0,0,0,1,0,1,0,0,1,0,0,0,0,0
Actual 1280,1,1,2,1,14,1,2,389,9,58,1,8,3,0,2,0,0,1,0,1,2,4,0,0,0,0,0
Actual 1281,2,5,0,0,1,5,3,67,310,1,3,5,0,0,0,0,3,0,2,2,1,0,0,0,1,2,0
Actual 1300,0,1,1,0,1,2,1,3,0,490,0,0,0,0,0,0,0,0,0,0,0,0,0,0,0,0,0
Actual 1301,0,0,0,0,0,0,0,0,0,0,156,0,0,0,0,0,0,0,0,0,0,0,0,0,0,0,0
Actual 1302,1,1,1,0,0,0,0,11,5,1,0,457,1,1,0,0,1,2,0,0,0,0,7,2,5,0,0
Actual 1320,1,0,0,0,1,0,1,7,0,0,1,3,459,2,6,0,8,1,0,0,0,3,1,0,3,1,0
Actual 1560,0,0,1,0,0,0,0,1,0,0,0,1,3,430,10,0,17,0,0,1,0,1,19,0,14,0,0
Actual 1920,0,0,0,0,0,0,0,1,0,0,0,0,2,5,483,0,5,1,0,0,0,0,3,0,0,0,0
Actual 1940,0,0,0,0,0,0,0,0,0,0,0,0,1,0,0,159,0,0,0,0,0,0,0,0,0,0,0
Actual 2060,0,0,0,0,1,1,0,3,1,0,0,2,7,7,15,0,442,0,0,0,0,0,16,0,4,0,0
Actual 2220,0,0,0,0,0,0,0,0,0,0,0,1,0,0,0,0,0,163,0,0,0,0,0,1,0,0,0
Actual 2280,18,3,0,0,0,1,0,0,3,0,0,0,0,0,0,0,1,0,459,10,0,0,0,0,0,3,0
Actual 2403,17,6,0,0,0,1,0,0,1,0,0,1,1,0,0,0,0,0,13,447,1,0,0,0,0,8,0
Actual 2462,0,2,7,3,0,0,0,1,1,0,1,0,0,0,0,0,0,0,0,0,260,0,0,0,0,0,0
Actual 2522,2,0,2,0,1,1,0,1,0,0,0,0,1,2,0,0,2,0,1,1,0,475,0,0,0,0,0
Actual 2582,0,0,1,0,0,0,0,0,0,0,0,1,2,15,3,0,17,2,0,0,0,1,436,3,19,0,0
Actual 2583,0,1,0,0,0,0,0,0,1,1,0,4,2,1,0,0,2,0,0,0,0,0,2,478,4,0,0
Actual 2585,1,0,0,0,0,0,0,1,0,0,0,0,1,3,1,1,5,0,0,0,0,2,11,4,465,0,0
Actual 2705,72,3,0,0,0,0,0,0,0,0,0,0,0,0,0,0,1,0,2,6,0,0,0,0,0,416,0
Actual 2905,0,4,0,0,0,0,0,0,1,0,0,0,0,0,0,1,0,0,0,0,0,0,0,0,0,1,167
